{"right_j6": 2.878767578125, "right_j5": -1.828046875, "right_j4": 2.073603515625, "right_j3": 2.6948984375, "right_j2": 0.4136611328125, "right_j1": -1.3310908203125, "right_j0": 1.721005859375}